ID,smiles,IC50,WT_score,Mut_score,score_diff,RMSD_diff,WT pose dist to mutation,Mut pose dist to mutation
OSM-S-201,Cc1c(Cl)cccc1NC(=O)c1cncc2nnc(-c3ccc(OC(F)F)cc3)n12,4.730333333,-7.6,-7.3,-0.2999999999999998,7.007649695729984,2.1971178610803044,7.844269241807922
OSM-S-202,O=C(Nc1cccc(Cl)c1)c1cncc2nnc(-c3ccc(OC(F)F)cc3)n12,0.211,-7.7,-7.7,0.0,0.1393186993910009,8.269901417852534,8.138224457138
OSM-S-189,N#Cc1ccc(-c2nnc3cncc(OCCc4ccccc4Cl)n23)cc1,0.309,-7.4,-7.6,0.1999999999999993,10.56430049217121,1.3399137956593166,4.422781412983607
OSM-S-366,Fc1ccc(CCOc2cncc3nnc(-c4ccc(C(F)(F)F)nc4)n23)cc1F,0.39155,-7.5,-8.8,1.3000000000000007,7.6106947032887,1.1511074840431412,5.426295719973377
OSM-S-206,O=C(Nc1cc(C(F)(F)F)cc(C(F)(F)F)c1)c1cncc2nnc(-c3ccc(OC(F)F)cc3)n12,0.309,-9.1,-9.3,0.20000000000000107,0.13883005360433975,3.7829245228853505,3.6524464909180185
OSM-S-410,O=C(Nc1ccc(Cl)cc1)c1c[nH]c(=O)c2nnc(-c3ccc(OC(F)F)cc3)n12,5.0,-7.9,-7.3,-0.6000000000000005,6.653922107017034,1.4644992816648594,8.048492532780127
OSM-S-411,O=C(Nc1cc[n+]([O-])c(C(F)(F)F)c1)c1cncc2nnc(-c3ccc(OC(F)F)cc3)n12,2.07,-7.8,-7.5,-0.2999999999999998,6.598883789301482,1.0235579775078136,2.759245814758738
OSM-S-412,OCC(COc1cncc2nnc(-c3ccc(OC(F)F)cc3)n12)c1ccc(O)cc1,4.12,-8.4,-8.2,-0.20000000000000107,1.860646637352431,5.031292202423406,5.360632906415942
OSM-S-391,IC(C=C1)=CC=C1C2=NN=C3C=NC=C(OCCC4=CC(F)=C(F)C=C4)N32,0.35,-7.6,-8.5,0.9000000000000004,7.297884784876596,7.731706355181309,3.8993234878662864
OSM-S-392,O=C(COc1cncc2nnc(-c3ccc(OC(F)F)cc3)n12)c1ccc(F)c(F)c1,0.832,-8.2,-9.0,0.8000000000000007,2.3305955904986204,3.5834845963312203,4.56663335601157
OSM-S-393,COC(COc1cncc2nnc(-c3ccc(OC(F)F)cc3)n12)(OC)c1ccc(F)c(F)c1,0.157,-7.2,-8.1,0.8999999999999995,9.252951784987001,2.2124634563158385,4.017581470936358
OSM-S-394,FS(F)(F)(F)(F)c1ccc(-c2nnc3cncc(OCCc4ccccc4)n23)cc1,0.48,-7.6,-7.4,-0.1999999999999993,8.196715142868717,1.2059459663107106,7.791953885826182
OSM-S-395,FC(F)Oc1ccc(-c2nnc3cncc(OCCC45CC6CC(CC(C6)C4)C5)n23)cc1,2.15,-7.7,-7.7,0.0,0.5178459592388456,7.923437806133419,8.34026422934728
OSM-S-396,CC(Cc1ccccc1)Oc1cncc2nnc(-c3ccc(OC(F)F)cc3)n12,0.45,-8.5,-8.4,-0.09999999999999964,1.0542479915020977,5.50624145192212,5.454329156442134
OSM-S-397,FC(F)Oc1ccc(-c2nnc3cncc(OCC45CC6CC(CC(C6)C4)C5)n23)cc1,4.8,-7.4,-8.0,0.5999999999999996,1.4678252181263753,2.291821113283081,3.524912282363768
OSM-S-398,FC(F)Oc1ccc(-c2nnc3cncc(OCC4CC5C=CC4C5)n23)cc1,0.486,-8.2,-7.6,-0.5999999999999996,2.5835927573273403,5.081389951438294,3.561350588578903
OSM-S-399,CC1(C)C2CC=C(CCOc3cncc4nnc(-c5ccc(OC(F)F)cc5)n34)C1C2,1.28,-8.1,-8.0,-0.09999999999999964,0.690223035481776,7.688079019979022,7.145652418322314
OSM-S-400,O=C(COc1cncc2nnc(-c3ccc(OC(F)F)cc3)n12)c1ccccc1,1.37,-7.7,-8.4,0.7000000000000002,2.834201049009561,3.6709135727317754,5.451127325204037
OSM-S-401,Clc1ccc(-c2nnc3cncc(OCC45CC6CC(CC(C6)C4)C5)n23)c(Cl)c1,8.0,-7.0,-7.1,0.09999999999999964,7.086470241436044,1.5341357878727355,7.79112399315052
OSM-S-402,Clc1ccc(-c2nnc3cncc(OCC45CC6CC(CC(C6)C4)C5)n23)cc1,2.53,-7.1,-7.0,-0.09999999999999964,6.861494097498008,1.3936036470904851,8.290906820160854
OSM-S-403,CC1(C)C2CC=C(CCOc3cncc4nnc(-c5ccc(Cl)cc5Cl)n34)C1C2,8.24,-7.8,-7.1,-0.7000000000000002,3.2950873098159854,1.510600634119888,3.5226526737176984
OSM-S-404,CC1(C)C2CC=C(CCOc3cncc4nnc(-c5ccc(Cl)cc5)n34)C1C2,1.05,-7.7,-7.7,0.0,1.7929788760607304,8.071344491717426,7.291542866037653
OSM-S-405,Clc1ccc(-c2nnc3cncc(OCC4CC5C=CC4C5)n23)c(Cl)c1,9.55,-7.6,-8.0,0.40000000000000036,6.971774837486892,1.479608655141683,4.3697628171511
OSM-S-406,Clc1ccc(-c2nnc3cncc(OCC4CC5C=CC4C5)n23)cc1,0.62,-6.6,-7.4,0.8000000000000007,7.339511324332159,1.6095379926662194,8.53937053605114
OSM-S-408,c1ccc(CCOc2cncc3nnc(-c4ccncc4)n23)cc1,10.0,-7.9,-7.9,0.0,0.21280673939829411,5.497280370904726,5.4781231623910225
OSM-S-407,O=C(Nc1ccncc1)c1cncc2nnc(-c3ccccc3)n12,10.0,-7.7,-7.8,0.09999999999999964,0.034063470169670006,5.518017841972622,5.507105314555298
OSM-S-415,Fc1ccc(CCOc2cncc3nnc(-c4ccccc4)n23)cc1F,2.15,-8.4,-8.5,0.09999999999999964,0.1347384931579002,5.313366248441422,5.23055836216506
OSM-S-409,ON=C(COc1cncc2nnc(-c3ccc(OC(F)F)cc3)n12)c1ccccc1,10.0,-8.0,-8.5,0.5,6.097587516069698,3.8316510149459706,3.0158155264053264
OSM-S-414,COC(COc1cncc2nnc(-c3ccc(C#N)cc3)n12)c1ccc(F)c(F)c1,0.89,-8.2,-8.2,0.0,1.197239700310677,5.324322515592624,5.2812775165559565
OSM-S-413,COC(COc1cncc2nnc(-c3ccc(C#N)cc3)n12)c1ccc(F)c(F)c1,10.0,-7.9,-8.1,0.1999999999999993,8.183698067907116,1.799865231207726,5.0725160910647595
OSM-S-416,COC(COc1cncc2nnc(-c3ccc(C#N)cc3)n12)c1ccc(F)c(F)c1,0.43,-8.4,-8.4,0.0,0.08314585577966774,4.74091046078954,4.700878406257849
OSM-S-417,c1ccc(CCOc2nnc3c(N4CCCCC4)nccn23)cc1,10.0,-7.7,-7.8,0.09999999999999964,0.2929570503219431,10.17746035583395,10.26555299751942
OSM-S-419,FC(F)Oc1ccc(-c2nnc3cncc(OCC(c4ccccc4)N4CCOCC4)n23)cc1,1.58,-8.3,-8.2,-0.10000000000000142,5.4692164155388845,4.859721562757175,3.0507363676902477
OSM-S-421,FC(F)Oc1ccc(-c2nnc3cncc(OCCN4CC5(COC5)C4)n23)cc1,10.0,-7.9,-8.0,0.09999999999999964,0.17799775279480312,4.216563931574397,4.192037136242901
OSM-S-420,OCc1ccc(COc2cncc3nnc(-c4ccc(OC(F)F)cc4)n23)cc1,10.0,-8.6,-8.4,-0.1999999999999993,1.2079891141893622,6.063087435321451,5.748087073697318
OSM-S-422,FC(F)Oc1ccc(-c2nnc3cncc(OCCC4COC4)n23)cc1,10.0,-7.7,-7.6,-0.10000000000000053,0.8326394547092165,5.229420564068128,5.961426908533112
OSM-S-423,Fc1ccc(C2(COc3cncc4nnc(-c5ccc(OC(F)F)cc5)n34)OCCO2)cc1F,0.667,-9.2,-9.2,0.0,0.29543960266614455,5.695752221007704,5.314655756154655
OSM-S-430,CCN(CC)C(COc1cncc2nnc(-c3ccc(OC(F)F)cc3)n12)c1ccc(F)c(F)c1,10.0,-7.7,-7.9,0.20000000000000018,0.5697176201125141,2.784335622658425,3.0203526281669357
OSM-S-431,CCN(C)C(COc1cncc2nnc(-c3ccc(OC(F)F)cc3)n12)c1ccc(F)c(F)c1,8.85,-8.1,-7.8,-0.2999999999999998,0.7421727176723373,3.8213345430086663,3.4535255396015585
OSM-S-494,NC(=O)c1ccc(-c2nnc3cncc(OCCc4ccc(F)c(F)c4)n23)cc1,10.0,-8.7,-8.3,-0.3999999999999986,9.450754905843374,4.748195147118707,4.258048695581112
OSM-S-495,NC(=O)c1cccc(-c2nnc3cncc(OCCc4ccc(F)c(F)c4)n23)c1,10.0,-8.6,-8.3,-0.29999999999999893,0.330271882135056,7.605228150327719,7.680616323421304
OSM-S-496,CN(C)C(=O)c1ccc(-c2nnc3cncc(OCCc4ccc(F)c(F)c4)n23)cc1,3.69,-7.8,-8.0,0.20000000000000018,9.93403878331402,1.393967118005701,7.507981884045917
OSM-S-432,Fc1ccc(CCOc2cncc3nnc(Br)n23)cc1F,10.0,-7.5,-7.5,0.0,1.7378079377685638,6.976787856061231,6.1389288848732955
OSM-S-503,FC(F)(F)c1ncc(OCCc2ccccc2)n2c(-c3ccncc3)nnc12,10.0,-8.3,-8.4,0.09999999999999964,0.10097984240148386,3.5900542274631,3.716623081119003
OSM-S-504,FC(F)Oc1ccc(-c2nnc3c(C(F)(F)F)ncc(OCCc4ccccc4)n23)cc1,10.0,-8.7,-8.9,0.20000000000000107,0.6207003604799985,3.1506515425655177,3.279501374058558
OSM-S-505,Oc1ncc(OCCc2ccccc2)n2c(-c3ccc(OC(F)F)cc3)nnc12,10.0,-7.5,-8.4,0.9000000000000004,7.685038421070732,1.3513280077134215,4.738232732485933
OSM-S-510,CN1CCN(C(=O)c2ccc(-c3nnc4cncc(OCCc5ccc(F)c(F)c5)n34)cc2)CC1,10.0,-8.4,-9.2,0.7999999999999989,7.794371956382659,1.5531662410870823,3.7702798005574008
OSM-S-506,NS(=O)(=O)c1ccc(-c2nnc3cncc(OCCc4ccc(F)c(F)c4)n23)cc1,10.0,-7.8,-8.8,1.0000000000000009,7.448535906891367,7.70532830761552,3.1536331714572547
OSM-S-507,O=C(c1ccc(-c2nnc3cncc(OCCc4ccc(F)c(F)c4)n23)cc1)N1CCOCC1,10.0,-8.5,-8.5,0.0,6.131831254153343,1.534959421940121,3.3727130833821244
OSM-S-508,CN1CCN(C(=O)c2cccc(-c3nnc4cncc(OCCc5ccc(F)c(F)c5)n34)c2)CC1,10.0,-9.1,-8.7,-0.40000000000000036,8.814614540636477,1.677394854574939,6.378035304856162
OSM-S-509,FC(F)Oc1ccc(-c2nnc3c(N4CCOCC4)nccn23)cc1,10.0,-8.0,-7.9,-0.09999999999999964,1.7430522539499496,2.1738638070270775,3.2960033902040937
OSM-S-433,FC(F)Oc1ccc(-c2nnc3cncc(OCCC4C5C6CC7C8C6CC5C8C47)n23)cc1,1.08,-7.6,-7.9,0.3000000000000007,5.598749200139314,2.1969752446805857,3.0324230103761622
OSM-S-497,FC(F)Oc1ccc(-c2nnc3cncc(OCCN4CCNCC4)n23)cc1,10.0,-7.5,-7.7,0.20000000000000018,1.1058778151023212,3.70066558885326,4.037559643654681
OSM-S-498,FC(F)Oc1ccc(-c2nnc3cncc(OCCN4CCOCC4)n23)cc1,10.0,-8.1,-8.0,-0.09999999999999964,0.5427280706032163,5.267593216376306,5.2705679227815425
OSM-S-499,FC(F)Oc1ccc(-c2nnc3cncc(OCCN4CCCCC4)n23)cc1,10.0,-8.4,-8.4,0.0,0.17467566002994395,5.158684941730231,5.042837996940394
OSM-S-500,FC(F)Oc1ccc(-c2nnc3cncc(OCCN4CCCC4)n23)cc1,10.0,-7.8,-7.7,-0.09999999999999964,1.5818014255904567,5.682969990311639,6.5803651617523
OSM-S-501,CC(C)(C)OC(=O)N1CCN(CCOc2cncc3nnc(-c4ccc(OC(F)F)cc4)n23)CC1,10.0,-7.8,-8.2,0.39999999999999947,1.8990530023028733,2.113829133125589,3.6249548552024824
OSM-S-502,OCCc1cn(-c2nccn3c(-c4ccc(OC(F)F)cc4)nnc23)c2ccccc12,8.0,-8.9,-8.1,-0.8000000000000007,1.7249541841741771,1.6817279016080995,2.7137080381351266
OSM-S-328,Oc1nccn2c(-c3ccc(OC(F)F)cc3)nnc12,10.0,-6.9,-7.3,0.39999999999999947,2.0722456188304283,1.6495142742326911,2.9506734247948954
OSM-S-442,FC(F)Oc1ccc(-c2nnc3cncc(OCCC4CC4)n23)cc1,3.03,-6.5,-7.5,1.0,5.61971852320025,5.383673628188174,6.381710448406445
OSM-S-511,FC(F)Oc1ccc(-c2nnc3cncc(OCC4CC5CC4C4OC54)n23)cc1,9.8,-7.9,-7.5,-0.40000000000000036,2.921837264462208,5.08121467636094,3.2601518826192044
OSM-S-512,FC(F)Oc1ccc(-c2nnc3cncc(OCC4CC5CC4C4OC54)n23)cc1,11.0,-8.6,-8.5,-0.09999999999999964,0.17193533267100639,5.786512685949309,5.924829542843927
OSM-S-513,OC12C3C4C1C1C2C3C41CCOc1cncc2nnc(-c3ccc(OC(F)F)cc3)n12,1.0,-8.5,-8.5,0.0,0.08846061976947688,8.524519111960524,8.553841658912589
OSM-S-514,OC12C3C4C5C3C1(CCOc1cncc3nnc(-c6ccc(OC(F)F)cc6)n13)C5C42,3.3,-7.7,-7.7,0.0,0.7737046230636082,8.323907474845953,6.850191665001813
OSM-S-515,O=C(O)C(COc1cncc2nnc(-c3ccc(OC(F)F)cc3)n12)c1ccccc1,3.88,-8.6,-8.8,0.20000000000000107,2.133539576619098,5.603901987930082,5.446800769911317
OSM-S-517,Fc1ccc(CCOc2cncc3nnc(N4CCOCC4)n23)cc1F,19.0,-8.2,-8.2,0.0,0.055624773119675786,5.807789082774923,5.802296353257421
OSM-S-522,CN(C)C(=O)c1cccc(-c2nnc3cncc(OCCc4ccc(F)c(F)c4)n23)c1,25.0,-9.0,-8.6,-0.40000000000000036,2.0308866330076216,1.6621654038737477,2.7914609632324563
OSM-S-523,Fc1ccc(CCOc2cncc3nnc(OCCc4ccc(F)c(F)c4)n23)cc1F,25.0,-8.8,-7.9,-0.9000000000000004,4.811048225933519,1.6417798085582653,6.207880121831118
OSM-S-524,Fc1ccc(CCOc2cncc3nnc(-c4ccc(N5CCOCC5)cc4)n23)cc1F,17.0,-9.1,-8.4,-0.6999999999999993,7.770869005056642,2.4468473050672293,7.940628383282047
OSM-S-525,Fc1ccc(CCOc2cncc3nnc(-c4ccc5cc[nH]c5c4)n23)cc1F,0.1065,-8.1,-8.8,0.7000000000000011,7.402789035221792,1.2174569933182071,6.053474611543784
OSM-S-526,Nc1ccc(-c2nnc3cncc(OCCc4ccc(F)c(F)c4)n23)cc1,13.0,-8.3,-8.3,0.0,0.17735635275362713,5.063775547172838,5.001407070292377
OSM-S-527,Fc1ccc(CCOc2cncc3nnc(-c4ccc(N5CCCCC5)cc4)n23)cc1F,20.0,-8.9,-8.9,0.0,0.5550856915828402,3.6155191091129337,3.809664718693845
OSM-S-528,Fc1ccc(CCOc2cncc3nnc(-c4ccc(N5CCCC5)cc4)n23)cc1F,22.0,-8.8,-7.9,-0.9000000000000004,7.459961402650301,1.7058900125476595,6.780177091750137
OSM-S-529,CC(=O)Nc1ccc(-c2nnc3cncc(OCCc4ccc(F)c(F)c4)n23)cc1,25.0,-7.5,-7.9,0.40000000000000036,2.1008456745765733,1.6739831498643722,2.912081361008814
OSM-S-530,CC(=O)Nc1cccc(-c2nnc3cncc(OCCc4ccc(F)c(F)c4)n23)c1,25.0,-8.4,-9.2,0.7999999999999989,2.186753500275635,6.665544689046746,5.670547148668442
OSM-S-518,Fc1ccc(CCOc2cncc3nnc(N4CCC(F)(F)CC4)n23)cc1F,1.51,-8.6,-8.7,0.09999999999999964,0.07073315044184424,5.39428786685232,5.351179554045042
OSM-S-519,Fc1ccc(CCOc2cncc3nnc(N4CCC(F)CC4)n23)cc1F,8.46,-8.5,-8.5,0.0,0.040526168957481824,5.45304162286704,5.449415010319681
OSM-S-520,Fc1ccc(CCOc2cncc3nnc(N4CCC(C(F)(F)F)CC4)n23)cc1F,2.75,-8.3,-8.6,0.29999999999999893,5.522683167326066,5.5893243557613514,3.560347455417335
OSM-S-521,CN1CCN(c2nnc3cncc(OCCc4ccc(F)c(F)c4)n23)CC1,25.0,-7.8,-7.5,-0.2999999999999998,6.475134612500344,8.2111721238259,8.14022252062112
OSM-S-531,CN(C)c1ccc(-c2nnc3cncc(OCCc4ccc(F)c(F)c4)n23)cc1,5.53,-8.4,-8.5,0.09999999999999964,0.5248192135360061,4.396008963061268,3.6109317181052862
OSM-S-532,OCC(COc1cncc2nnc(-c3ccc(OC(F)F)cc3)n12)c1cccc(OCc2ccccc2)c1,0.059,-9.4,-9.5,0.09999999999999964,0.35703468911405406,5.152789439100795,4.998577273932485
OSM-S-533,OCC(COc1cncc2nnc(-c3ccc(OC(F)F)cc3)n12)c1cccc(O)c1,0.382,-8.3,-8.3,0.0,1.7040847361204747,5.999682123864431,5.718013430107028
OSM-S-535,CC(C)(C)OC(=O)NC(COc1cncc2nnc(-c3ccc(OC(F)F)cc3)n12)Cc1ccccc1,8.6,-8.3,-8.1,-0.20000000000000107,7.134232184925092,2.0897276639890894,2.921494832282697
OSM-S-536,NC(COc1cncc2nnc(-c3ccc(OC(F)F)cc3)n12)Cc1ccccc1,17.0,-8.0,-8.1,0.09999999999999964,0.29182549787864864,3.561409632052566,3.5495762495080965
OSM-S-537,CC(C)(C)OC(=O)NC(COc1cncc2nnc(-c3ccc(OC(F)F)cc3)n12)Cc1ccccc1,10.0,-7.7,-8.0,0.2999999999999998,7.2837588167099545,1.7412345652274315,3.0613176045964825
OSM-S-538,NC(COc1cncc2nnc(-c3ccc(OC(F)F)cc3)n12)Cc1ccccc1,2.3,-7.8,-8.0,0.20000000000000018,0.42810902038304854,3.627293114006084,3.5189792645173354
OSM-S-542,Fc1ccc(CCOc2cncc3nnc(-n4cccn4)n23)cc1F,25.0,-8.3,-8.3,0.0,0.026808953728185824,5.2762802534497055,5.289998233580054
OSM-S-543,Fc1ccc(CCOc2nccn3c(-n4cccn4)nnc23)cc1F,19.0,-8.0,-8.0,0.0,0.3679724989724097,2.264796322413969,2.9550916035302026
OSM-S-544,Fc1ccc(CCOc2cncc3nnc(Oc4ccc(Cl)cc4)n23)cc1F,25.0,-8.0,-8.0,0.0,8.83388987487554,6.381656791049129,7.836753801793087
OSM-S-545,CN(C)c1cccc(-c2nnc3cncc(OCCc4ccc(F)c(F)c4)n23)c1,7.0,-7.8,-7.9,0.10000000000000053,9.041044261855351,1.689350684141568,7.621158182626673
OSM-S-546,Fc1ccc(CCOc2cncc3nnc(-c4ccc5cn[nH]c5c4)n23)cc1F,0.434,-8.8,-8.9,0.09999999999999964,0.38163743701756175,6.138925386480349,6.436546755380703
OSM-S-547,Fc1ccc(CCOc2cncc3nnc(-c4cccc5[nH]ccc45)n23)cc1F,4.9,-8.3,-8.4,0.09999999999999964,0.22720225937843735,6.617015108597211,6.857916372811188
OSM-S-548,Nc1cc(-c2nnc3cncc(OCCc4ccc(F)c(F)c4)n23)ccc1Cl,0.045,-8.2,-8.3,0.10000000000000142,0.10140249832556715,5.3075886424687395,5.265780195987061
OSM-S-549,Nc1cccc(-c2nnc3cncc(OCCc4ccc(F)c(F)c4)n23)c1,2.8,-8.3,-8.6,0.29999999999999893,1.2600421585722086,5.772523052594204,5.716286407458936
OSM-S-550,CCc1ccc(-c2nnc3cncc(OCCc4ccc(F)c(F)c4)n23)cc1,0.144,-7.7,-8.7,0.9999999999999991,7.856153277618033,1.3245079603236194,4.573785007099592
OSM-S-551,O=C(O)c1ccc(-c2nnc3cncc(OCCc4ccc(F)c(F)c4)n23)cc1,25.0,-8.8,-8.7,-0.10000000000000142,0.10719281692352346,4.732001291523227,4.837007791968417
OSM-S-552,O=C(O)c1cccc(-c2nnc3cncc(OCCc4ccc(F)c(F)c4)n23)c1,25.0,-8.1,-8.3,0.20000000000000107,0.4711843941954503,7.8491739864169,7.833925086387126
OSM-S-553,O=[N+]([O-])c1ccc(-c2nnc3cncc(OCCc4ccc(F)c(F)c4)n23)cc1,0.98,-8.4,-8.8,0.40000000000000036,0.36124769418187885,4.5410679462090835,4.785396834454353
OSM-S-557,OCC(COc1cncc2nnc(-c3ccc4cc[nH]c4c3)n12)c1ccccc1,0.069,-7.6,-8.5,0.9000000000000004,7.41362901427434,1.48565404194359,5.686558771354209
OSM-S-486,OCC(COc1cncc2nnc(-c3ccc(OC(F)F)cc3)n12)c1ccc(C(F)(F)F)cc1,1.15,-8.5,-8.4,-0.09999999999999964,0.5765335822209938,3.834792688884417,3.604703972364318
OSM-S-554,OC(COc1cncc2nnc(C3CCCNC3)n12)c1ccccc1,25.0,-8.0,-8.1,0.09999999999999964,0.3121804652074548,5.388333821835359,5.346407619540544
OSM-S-555,Fc1ccc(CCOc2cncc3nnc(C4CCCNC4)n23)cc1F,25.0,-8.0,-8.0,0.0,0.14221625886555417,4.106257173982486,4.216247630702606
OSM-S-556,OCC(O)(COc1cncc2nnc(-c3ccc(OC(F)F)cc3)n12)c1ccccc1,0.47,-8.1,-7.4,-0.6999999999999993,6.5605369583455735,5.386330382227962,5.386914051695252
OSM-S-558,CN(C)c1ccc(C2(COc3cncc4nnc(-c5ccc(OC(F)F)cc5)n34)COC(C)(C)O2)cc1,25.0,-8.5,-8.6,0.09999999999999964,0.5191437336771159,3.675137627467385,3.382165363081608
OSM-S-559,CC1(C)OCC(COc2cncc3nnc(-c4ccc(OC(F)F)cc4)n23)(c2ccc(F)c(F)c2)O1,0.149,-7.5,-8.8,1.3000000000000007,9.092248857008798,1.466528987339483,3.849201434324739
OSM-S-560,OCC(O)(COc1cncc2nnc(-c3ccc(OC(F)F)cc3)n12)c1ccc(F)c(F)c1,0.5545,-8.6,-9.0,0.40000000000000036,0.612014752389889,5.50271129095383,5.496891259655595
OSM-S-561,CC(=O)COc1nccn2c(-c3ccc(OC(F)F)cc3)nnc12,25.0,-7.7,-7.5,-0.20000000000000018,0.9888942267334089,2.1493059660852842,3.0521415037547728
OSM-S-562,CC1(C)OCC(COc2cncc3nnc(-c4ccc(OC(F)F)cc4)n23)(c2ccccc2)O1,0.337,-7.9,-8.5,0.5999999999999996,7.261430158114617,5.846819081161069,4.37117575395747
OSM-S-563,FC(F)Oc1ccc(-c2nnc3c(NCc4ccccc4)nccn23)cc1,20.0,-8.8,-8.6,-0.20000000000000107,1.764641050104606,2.423168488048223,3.683897748864003
OSM-S-565,OCC(COc1cncc2nnc(-c3ccc(OC(F)F)cc3)n12)c1ccccc1OCc1ccccc1,25.0,-9.2,-9.3,0.10000000000000142,0.11653512731119245,5.373436342912532,5.420242993420853
OSM-S-566,FC(F)Oc1ccc(-c2nnc3cncc(OCCc4ccc(OCc5ccccc5)cc4)n23)cc1,3.849,-9.3,-8.2,-1.1000000000000014,6.618770966811823,1.2479342077657014,3.31080005102627
OSM-S-567,FC(F)Oc1ccc(-c2nnc3cncc(OCCc4cccc(OCc5ccccc5)c4)n23)cc1,0.147,-8.5,-8.8,0.3000000000000007,1.6191340706960895,2.5233585954280837,3.662563308449987
OSM-S-568,CN(C)c1ccc(C(O)(CO)COc2cncc3nnc(-c4ccc(OC(F)F)cc4)n23)cc1,25.0,-8.1,-8.2,0.09999999999999964,0.3417413333047222,3.42465725588679,3.5949700309831756
OSM-S-569,FC(F)Oc1ccc(-c2nnc3c(NCCc4ccccc4)nccn23)cc1,25.0,-8.6,-8.8,0.20000000000000107,0.68445656772614,2.845861090052161,3.4867004757939544
OSM-S-581,Fc1ccc(CCOc2cncc3nnc(-n4ccnc4)n23)cc1F,25.0,-8.4,-8.5,0.09999999999999964,0.03907787097578368,5.933547780931848,5.958637199668079
OSM-S-582,Cn1ccc2ccc(-c3nnc4cncc(OCCc5ccc(F)c(F)c5)n34)cc21,0.375,-7.2,-7.3,0.09999999999999964,4.699300455032288,1.2703231540723332,3.1852981497420974
OSM-S-583,O=C1Cc2ccc(-c3nnc4cncc(OCCc5ccc(F)c(F)c5)n34)cc2N1,25.0,-8.7,-9.3,0.6000000000000014,6.170680029968987,7.081686015002326,2.2535099990485845
OSM-S-584,Fc1ccc(CCOc2cncc3nnc(-c4ccc5c(c4)NCC5)n23)cc1F,1.01,-8.5,-8.3,-0.1999999999999993,7.37191431945145,1.2810721658993798,2.436127908465022
OSM-S-585,Nc1cc(-c2nnc3cncc(OCCc4ccc(F)c(F)c4)n23)ccc1F,0.813,-8.6,-8.7,0.09999999999999964,0.10897660299348684,5.135690057737268,5.154648626048517
OSM-S-570,FC(F)Oc1ccc(-c2nnc3c(SCc4ccccc4)nccn23)cc1,5.62,-8.7,-9.0,0.3000000000000007,1.3689516940859312,2.3885835610240997,3.57287313770881
OSM-S-571,FC(F)Oc1ccc(-c2nnc3cncc(SCCc4ccccc4)n23)cc1,1.05,-7.8,-7.8,0.0,0.03759939209235033,3.922933038103696,3.9158933333325767
OSM-S-572,CC(C)(C)OC(=O)N1CCC(c2nnc3cncc(OCCc4ccccc4)n23)CC1,14.5,-8.1,-7.8,-0.2999999999999998,6.978234236862225,1.9133578408502512,5.709533779306005
OSM-S-573,c1ccc(CCOc2cncc3nnc(C4CCOCC4)n23)cc1,25.0,-7.5,-7.8,0.2999999999999998,4.229839792080389,5.715873127186708,4.326697322957558
OSM-S-574,CC(C)(C)OC(=O)N1CCC(c2nnc3cncc(OCCc4ccccc4)n23)C1,25.0,-7.8,-8.3,0.5000000000000009,7.510087054533168,1.475416739555195,2.884557996124988
OSM-S-575,c1ccc(CCOc2cncc3nnc(C4CCOC4)n23)cc1,25.0,-7.8,-7.8,0.0,0.0948415154005788,6.032777103441189,6.076717098878257
OSM-S-576,c1ccc(CCOc2cncc3nnc(C4CCNCC4)n23)cc1,25.0,-7.7,-7.8,0.09999999999999964,0.1652371256476816,4.877267205410797,4.738608366706626
OSM-S-577,c1ccc(CCOc2cncc3nnc(C4CCNC4)n23)cc1,25.0,-7.7,-7.8,0.09999999999999964,0.050531970078357365,5.502028990252898,5.514865552048887
OSM-S-578,FC(F)Oc1ccc(-c2nnc3cncc(OCCCc4ccccc4)n23)cc1,1.32,-7.8,-7.9,0.10000000000000053,0.1465352729103016,3.442341374183329,3.5522852128839397
OSM-S-579,FC(F)Oc1ccc(-c2nnc3cncc(Oc4ccccc4)n23)cc1,25.0,-7.4,-7.9,0.5,6.50708948289952,2.000864158976309,5.5217573495957355
OSM-S-580,FC(F)Oc1ccc(-c2nnc3cncc(OCCOc4ccccc4)n23)cc1,1.21,-7.6,-7.8,0.20000000000000018,0.2760356048998273,3.552470318309969,3.607051203468837
OSM-S-591,COc1ccc(CCNc2cncc3nnc(-c4ccc(OC(F)F)cc4)n23)cc1OC,25.0,-8.2,-8.4,0.20000000000000107,7.459546486742929,2.141561828818207,3.0853700270069777
OSM-S-589,OC(CNc1cncc2nnc(-c3ccc(OC(F)F)cc3)n12)c1ccccc1,25.0,-8.2,-8.5,0.3000000000000007,0.23419959780687769,3.1066889437507004,3.011019800818622
OSM-S-588,OC(CNc1cncc2nnc(-c3ccc(OC(F)F)cc3)n12)c1ccccc1,25.0,-8.9,-8.6,-0.3000000000000007,5.9604513739015745,5.385423795935034,2.9420014679139483
OSM-S-638,FC(F)Oc1ccc(-c2nnc3cncc(NCc4ccccc4)n23)cc1,25.0,-8.2,-8.1,-0.09999999999999964,0.32033838135856985,4.828827791896971,4.710377212338119
OSM-S-631,COc1ccc(-c2nnc(-c3nccn3CCc3ccccc3)[nH]2)cc1,25.0,-8.1,-8.0,-0.09999999999999964,1.9327405700484253,1.3002199663020289,3.5285655034124197
OSM-S-637,Nc1ccc(C(CO)COc2cncc3nnc(-c4ccc(OC(F)F)cc4)n23)cc1,17.04,-7.6,-8.1,0.5,8.797248712624004,2.2051086869043384,4.729496252858457
OSM-S-539,CNc1ccc(C(CO)COc2cncc3nnc(-c4ccc(OC(F)F)cc4)n23)cc1,11.52,-7.9,-8.1,0.1999999999999993,0.48109174250436104,4.025050444016146,3.9506427927576797
OSM-S-608,FC(F)Oc1ccc(-c2nnc3cncc(OCCc4cccs4)n23)cc1,0.282,-8.3,-8.0,-0.3000000000000007,0.607830416164587,5.272099348868801,5.595436098623108
OSM-S-607,CC(COc1cncc2nnc(-c3ccc(OC(F)F)cc3)n12)c1ccccc1,0.627,-7.7,-8.7,0.9999999999999991,8.958485297615118,2.012691685082293,5.757450879099615
OSM-S-635,Fc1ccc(CCOc2cncc3nnc(OCc4cccnc4)n23)cc1F,25.0,-7.8,-8.0,0.20000000000000018,1.0479961491205152,7.241449437001889,7.21889722717814
OSM-S-586,Fc1ccc(CCOc2cncc3nnc(-c4ccc5nc[nH]c5c4)n23)cc1F,25.0,-8.4,-8.3,-0.09999999999999964,0.41104430339665193,6.1012026507453605,6.381487990507601
OSM-S-636,Fc1ccc(CCOc2cncc3nnc(-c4ccc5nc[nH]c5c4)n23)cc1F,25.0,-8.6,-8.7,0.09999999999999964,0.2712339782692094,6.45109399044608,6.707579651918829
OSM-S-623,COc1ccc(-c2nnc3cncc(OCCc4ccccc4)n23)cc1,1.827,-7.0,-8.1,1.0999999999999996,7.113955912905929,8.744822990523616,5.591340481838938
OSM-S-624,O=[N+]([O-])c1ccc(-c2nnc3cncc(OCCc4ccccc4)n23)cc1,1.693,-8.3,-8.4,0.09999999999999964,0.21969971088502369,5.174804611860805,5.203294070820883
OSM-S-626,COc1ccc(-c2nnc3cncc(SCCc4ccccc4)n23)cc1,25.0,-7.7,-7.8,0.09999999999999964,5.1642611877580915,5.690947979946945,3.148974284106249
OSM-S-609,OCC(CO)(COc1cncc2nnc(-c3ccc(OC(F)F)cc3)n12)c1ccccc1,6.132,-7.9,-7.1,-0.8000000000000007,6.999960472577475,5.489099255490649,5.542734947975347
OSM-S-621,c1ccc(CCOc2nccn3c(-c4ccccc4)nnc23)cc1,8.73,-7.9,-7.9,0.0,20.714994049198598,9.860263664713,3.403171327309847
OSM-S-622,COc1ccc(-c2nnc3c(OCCc4ccccc4)nccn23)cc1,25.0,-8.0,-8.2,0.1999999999999993,0.7795312447480611,2.878141229540407,3.133606698790395
OSM-S-625,O=[N+]([O-])c1ccc(-c2nnc3c(OCCc4ccccc4)nccn23)cc1,25.0,-8.5,-8.8,0.3000000000000007,0.5425038316983646,3.132100158490716,3.0814098887641395
OSM-S-627,COc1ccc(-c2nnc3c(SCCc4ccccc4)nccn23)cc1,25.0,-8.0,-8.0,0.0,0.7570249970468913,2.3729126903004167,2.756402405916758
OSM-S-628,c1ccc(CCSc2nccn3c(-c4ccccc4)nnc23)cc1,3.082,-8.1,-7.9,-0.1999999999999993,1.8919098485393009,2.660269833415243,3.0073075214010507
OSM-S-629,O=[N+]([O-])c1ccc(-c2nnc3c(SCCc4ccccc4)nccn23)cc1,25.0,-8.5,-8.7,0.1999999999999993,1.8078437534911684,1.894832252606806,3.1680768146234515
OSM-S-630,c1ccc(CCNc2nccn3c(-c4ccccc4)nnc23)cc1,25.0,-8.0,-8.2,0.1999999999999993,0.6504287201531004,2.8504342432580554,3.4857762310522653
OSM-S-632,COc1ccc(-c2nnc3c(NCCc4ccccc4)nccn23)cc1,25.0,-8.1,-8.0,-0.09999999999999964,1.9398679890175037,2.4413297526142044,3.3953071970211686
OSM-S-633,O=[N+]([O-])c1ccc(-c2nnc3c(NCCc4ccccc4)nccn23)cc1,25.0,-8.7,-8.4,-0.29999999999999893,0.5002509370306067,2.273212442780835,3.1341305387999503
OSM-S-639,OCC(COc1cncc2nnc(-c3ccc(OC(F)F)cc3)n12)(COc1cncc2nnc(-c3ccc(OC(F)F)cc3)n12)c1ccccc1,25.0,-8.3,-8.8,0.5,6.645563964318314,1.4492530065603142,3.537863560080959
OSM-LO-2,OCC(COc1cncc2nnc(-c3ccc(OC(F)F)cc3)n12)c1ccccc1F,0.159,-8.4,-9.0,0.5999999999999996,1.192079433175491,6.208571092862049,5.8411624445637464
OSM-LO-4,COc1ccccc1C(CO)COc1cncc2nnc(-c3ccc(OC(F)F)cc3)n12,0.304,-8.3,-8.2,-0.10000000000000142,0.381734319794659,5.840719534035448,5.792520926115842
OSM-LO-5,COc1cccc(C(CO)COc2cncc3nnc(-c4ccc(OC(F)F)cc4)n23)c1,0.124,-8.3,-8.7,0.3999999999999986,1.5416108753213607,5.332584601153407,4.9956751451851105
OSM-LO-6,OCC(COc1cncc2nnc(-c3ccc(OC(F)F)cc3)n12)c1cccc(C(F)(F)F)c1,0.094,-7.3,-8.0,0.7000000000000002,6.85163606322294,1.4416480292016123,3.2836416189372746
OSM-LO-7,OCC(COc1cncc2nnc(-c3ccc(OC(F)F)cc3)n12)c1c(F)cc(F)cc1F,0.89,-8.0,-9.1,1.0999999999999996,8.87190061373548,2.419944260565511,5.803565327030658
OSM-LO-8,OCC(COc1cncc2nnc(-c3ccc(OC(F)F)cc3)n12)c1cc(F)c(F)cc1F,0.19,-8.8,-9.2,0.3999999999999986,0.844201066794203,5.37055098896425,5.2307023623191915
OSM-LO-9,OCC(COc1nccn2c(-c3ccc(OC(F)F)cc3)nnc12)c1cc(F)c(F)cc1F,9.69,-9.0,-8.4,-0.5999999999999996,2.3869373682608437,1.7096350258554174,3.1072514490187926
OSM-LO-10,COc1ccc(C(CO)COc2cncc3nnc(-c4ccc(OC(F)F)cc4)n23)cc1,0.722,-8.7,-8.0,-0.6999999999999993,2.1306713695097335,5.41795054275517,3.807967271505991
OSM-LO-11,O=C(O)C(COc1cncc2nnc(-c3ccc(OC(F)F)cc3)n12)c1c(F)cc(F)cc1F,25.0,-8.8,-8.9,0.09999999999999964,0.18281731709160226,4.867587382063971,4.836575221662787
OSM-LO-12,COc1ccc(C(COc2cncc3nnc(-c4ccc(OC(F)F)cc4)n23)C(=O)O)cc1,9.94,-7.4,-8.1,0.6999999999999993,7.06786508659814,4.678427527674165,3.2466783676089275
OSM-S-690,FC(F)Oc1ccc(-c2nnc3cncc(OCC45CC(C(F)F)(C4)C5)n23)cc1,2.63,-7.9,-8.2,0.29999999999999893,1.2672344175272061,5.930466240853991,6.1257677309986605
OSM-LO-14,OCC(COc1nccn2c(-c3ccc(OC(F)F)cc3)nnc12)c1ccccc1,9.538,-8.4,-8.2,-0.20000000000000107,2.9702744035287485,1.1958908572460296,3.0752465935408786
OSM-S-666,Cc1ccc(-c2nnc3cncc(OCCc4ccccc4)n23)cc1,1.06,-8.0,-8.1,0.09999999999999964,0.424848820170187,5.050561061268406,5.635422105470408
OSM-S-670,COc1ccccc1-c1nnc2cncc(OCCc3ccccc3)n12,4.57,-7.1,-7.8,0.7000000000000002,7.076273372768595,8.664379982224057,3.5311549826322537
OSM-S-668,c1ccc(CCOc2cncc3nnc(-c4ccc5c(c4)CCO5)n23)cc1,4.23,-7.2,-7.9,0.7000000000000002,7.5857730727402535,1.2260930494811166,6.3078628806667085
OSM-S-669,c1ccc(CCOc2nccn3c(-c4ccc5c(c4)CCO5)nnc23)cc1,25.0,-8.2,-8.3,0.10000000000000142,18.076915598507274,1.7997514703033846,10.244355047446156
OSM-S-672,CCOc1ccccc1-c1nnc2cncc(OCCc3ccccc3)n12,16.17,-7.0,-7.1,0.09999999999999964,0.047682204149898454,3.61825357791395,3.5531616780446242
OSM-S-673,CCOc1ccccc1-c1nnc2c(OCCc3ccccc3)nccn12,7.81,-7.6,-7.9,0.3000000000000007,2.688570582628951,1.4348886099407885,3.02475482959534
OSM-S-675,COc1cc(-c2nnc3cncc(OCCc4ccccc4)n23)cc(OC)c1OC,25.0,-6.8,-7.0,0.20000000000000018,7.399159100870855,1.4282529436748617,3.127235414334954
OSM-S-676,COc1cc(-c2nnc3c(OCCc4ccccc4)nccn23)cc(OC)c1OC,17.02,-7.4,-7.3,-0.10000000000000053,4.2860273875311,1.4136671848696252,3.5414044611495776
OSM-S-651,CC1(C)OCC(COc2cncc3nnc(-c4ccc(OC(F)F)cc4)n23)(c2ccccc2)CO1,0.367,-8.1,-8.0,-0.09999999999999964,5.537135234035738,2.770536798923786,2.6943972714596414
OSM-S-662,Fc1ccc(CCOc2cncc3nnc(-c4cccc5c4OCO5)n23)cc1F,1.71,-8.1,-8.1,0.0,0.15336231610144654,6.8303526985476966,6.6780303966919785
OSM-S-693,c1ccc(CCOc2cncc3nnc(-c4cccc5c4OCO5)n23)cc1,14.25,-7.5,-7.7,0.20000000000000018,7.328689153164003,1.6424393046740418,6.774088947251719
OSM-S-687,COc1cccc(OC)c1-c1nnc2cncc(OCCc3ccccc3)n12,25.0,-7.0,-7.3,0.2999999999999998,8.219587507029429,1.132508395577288,4.143828582731177
OSM-S-694,COc1cccc(OC)c1-c1nnc2c(O)nccn12,25.0,-6.2,-6.2,0.0,0.3493946465640525,6.221341230775572,6.319578290180236
OSM-S-689,COc1cc(OC)c(-c2nnc3cncc(OCCc4ccccc4)n23)c(OC)c1,25.0,-6.7,-7.0,0.2999999999999998,6.968316291137575,1.9731400580407878,5.865143738837568
OSM-S-678,O=[N+]([O-])c1ccccc1-c1nnc2cncc(OCCc3ccccc3)n12,25.0,-7.1,-7.1,0.0,0.2102346132124598,3.1207772224680785,3.4587307954764226
OSM-S-683,CC(C)(C)c1ccc(-c2nnc3cncc(OCCc4ccccc4)n23)cc1,10.13,-7.2,-6.9,-0.2999999999999998,7.853113954713397,1.2954173655922887,7.171691046308404
OSM-S-685,CC(C)(C)c1cc(-c2nnc3cncc(OCCc4ccccc4)n23)cc(C(C)(C)C)c1,1.25,-6.9,-7.0,0.09999999999999964,16.870983724838037,1.9687102687468954,9.896924441023469
OSM-S-691,c1ccc(CCOc2nccn3c(-c4c5ccccc5cc5ccccc45)nnc23)cc1,9.94,-9.4,-9.5,0.09999999999999964,22.237905056738146,9.700066252439354,5.567985536140054
OSM-S-680,c1ccc(CCOc2cncc3nnc(-c4c5ccccc5cc5ccccc45)n23)cc1,14.55,-8.7,-8.4,-0.29999999999999893,15.9529007246723,1.4969627514974824,9.577433189751373
OSM-S-692,COc1cc(OC)c(-c2nnc3c(O)nccn23)c(OC)c1,25.0,-6.0,-6.2,0.20000000000000018,6.358149077809687,3.0500471682945482,3.0012642403275223
OSM-LO-15,FC(F)Oc1ccc(-c2nnc3cncc(OCCC45CC(C4)C5)n23)cc1,1.34,-8.0,-7.3,-0.7000000000000002,2.7735971161945927,5.795394425838627,3.611806424089838
OSM-LO-16,CC(C)(C)Oc1ccc(-c2nnc3cncc(OCC(O)c4ccc(F)c(F)c4)n23)cc1,0.46,-8.4,-7.9,-0.5,7.177183099407751,2.1882616542706796,3.125925446964376
OSM-LO-17,Cc1ccc(COc2cncc3nnc(-c4ccc(C(C)C)cc4)n23)cn1,25.0,-6.9,-7.9,1.0,7.219262558522781,1.34388809238913,4.7029126440019295
OSM-LO-18,NCc1cccc(CCOc2cncc3nnc(-c4ccc(Cl)cc4)n23)c1,10.94,-7.6,-8.0,0.40000000000000036,6.919808323453283,4.03877220769682,6.978144495654606
OSM-LO-19,CC(O)COc1cncc2nnc(-c3ccc(OC(F)F)cc3)n12,25.0,-7.2,-7.1,-0.10000000000000053,0.519818122038853,5.339203272865231,5.699381179873555
OSM-LO-20,FC(F)OC(C=C1)=CC=C1C2=NN=C3C=NC=C(OCCCCCO)N32,13.76,-7.0,-7.4,0.40000000000000036,1.4964602060022003,5.76383432300306,5.0488667073342235
OSM-LO-48,Nc1cccc(CCOc2cncc3nnc(-c4ccc(Cl)cc4)n23)c1,2.42,-7.9,-8.1,0.1999999999999993,6.672595564802992,8.56575894437394,5.088486811580852
OSM-LO-49,FC(F)Oc1ccc(-c2nnc3cncc(OCCc4ccco4)n23)cc1,1.24,-8.4,-8.4,0.0,0.10296205701706426,5.842972269449824,5.8495368057451484
OSM-S-272,Fc1ccc(CCOc2cncc3nnc(-c4ccc(Cl)cc4)n23)cc1F,0.076766667,-8.2,-8.3,0.10000000000000142,0.40886894576968646,4.579494974951058,5.134213598815312
OSM-S-293,Clc1ccc(-c2nnc3cncc(OCCc4ccccc4)n23)cc1,0.1198,-7.8,-7.7,-0.09999999999999964,0.31918696715248257,5.169236468027443,4.89254844033075
OSM-X-054,[O-][n+]1cc(OCCc2ccc(F)c(F)c2)n2c(-c3ccc(OC(F)F)cc3)nnc2c1,4.01,-8.5,-8.5,0.0,7.339498341387224,2.069729459891,3.029556273261961
OSM-X-007,Fc1ccc(CCOc2cnc(Cl)c3nnc(-c4ccc(OC(F)F)cc4)n23)cc1F,0.16,-9.1,-9.2,0.09999999999999964,1.2023649947687105,4.394057018672414,4.195405694393875
OSM-X-084,OCCc1cncc2nnc(-c3ccc(OC(F)F)cc3)n12,10.0,-6.4,-6.6,0.1999999999999993,6.566529425476762,3.841032039789869,2.9956320310381335
OSM-X-064,OCCC1CNCc2nnc(-c3ccc(OC(F)F)cc3)n21,8.37,-7.1,-7.2,0.10000000000000053,7.628905612209395,1.8751448197248615,2.2780577600306957
OSM-X-019,Fc1ccc(N2CC(Oc3cncc4nnc(-c5ccc(OC(F)F)cc5)n34)C2)cc1F,0.43,-8.4,-8.7,0.29999999999999893,0.46998783228930524,3.66989435863373,3.1552516647322446
OSM-X-045,FC(F)Oc1ccc(-c2nnc3cncc(N4CCC(c5ccccc5)C4)n23)cc1,2.0,-8.6,-7.9,-0.6999999999999993,8.705953717619531,1.956142627980793,5.181028008724611
OSM-S-176,O=C(NCc1cccc(Cl)c1)c1cncc2nnc(-c3ccc(OC(F)F)cc3)n12,0.25,-8.7,-8.9,0.20000000000000107,9.183351758270454,1.994205767197254,5.606440113207467
OSM-X-091,Fc1ccc(CCOc2cncc3nnc(C4CCOCC4)n23)cc1F,10.0,-7.9,-8.0,0.09999999999999964,0.5042460479994629,5.725201319314766,5.451224661493474
OSM-X-079,FC(F)Oc1ccc(-c2nnc3n2CCNC3)cc1,10.0,-7.0,-7.3,0.2999999999999998,1.0587676349236903,1.8265700354299665,2.3023707189693248
OSM-X-090,CC(=O)N1CCC(c2nnc3cncc(OCCc4ccc(F)c(F)c4)n23)CC1,10.0,-8.8,-8.7,-0.10000000000000142,0.9181399675430757,1.7892034023562668,3.6661652157646993
OSM-X-077,NCC(=O)N1CCn2c(nnc2-c2ccc(OC(F)F)cc2)C1,10.0,-7.5,-6.7,-0.7999999999999998,3.159764389950618,1.5166919577256623,3.5472890852358767
OSM-S-177,O=C(c1cncc2nnc(-c3ccc(OC(F)F)cc3)n12)N1Cc2ccccc2C1,10.0,-8.8,-6.9,-1.9000000000000004,21.88186731596125,1.3994039842790236,18.22023305869804
OSM-S-178,O=C(NCc1ccc(Cl)cc1)c1cncc2nnc(-c3ccc(OC(F)F)cc3)n12,1.34,-8.4,-8.5,0.09999999999999964,0.12805568345261423,3.288738962609896,3.4458724688966957
OSM-X-017,O=C(NCc1ccccc1Cl)c1cncc2nnc(-c3ccc(OC(F)F)cc3)n12,0.38,-8.4,-8.2,-0.20000000000000107,7.5524198706921615,2.1681612227626013,3.3418087889044004
OSM-S-179,O=C(NCC1CCOCC1)c1cncc2nnc(-c3ccc(OC(F)F)cc3)n12,10.0,-8.5,-8.4,-0.09999999999999964,0.2364100251681388,5.8059259133522385,5.555811965515183
OSM-X-035,Fc1ccc(CCOc2cncc3nnc(Nc4ccc(F)c(F)c4)n23)cc1F,0.85,-8.8,-8.6,-0.20000000000000107,1.2517581369151682,7.902425787352658,7.881148092609696
OSM-X-056,Fc1ccc(OC2CN(c3cncc4nnc(-c5ccc(OC(F)F)cc5)n34)C2)cc1F,4.96,-7.0,-7.9,0.9000000000000004,6.178926545120924,1.4587106361657372,3.4702140222624
OSM-X-049,Fc1ccc(CCOc2cncc3nnc(N4CCCCC4)n23)cc1F,2.63,-8.6,-8.6,0.0,0.08981348194153005,4.252938019107891,4.189849966009724
OSM-S-180,O=C(c1cncc2nnc(-c3ccc(OC(F)F)cc3)n12)N1CCN(c2ccccn2)CC1,10.0,-9.2,-8.1,-1.0999999999999996,8.234381200647427,1.5026168628510175,4.3578411212635135
OSM-S-181,O=C(NCCN1CCOCC1)c1cncc2nnc(-c3ccc(OC(F)F)cc3)n12,10.0,-7.7,-7.8,0.09999999999999964,0.08335503883989255,3.960046770906335,3.9619454140271353
OSM-S-185,O=C(c1cncc2nnc(-c3ccc(OC(F)F)cc3)n12)N1CCOCC1,10.0,-7.4,-7.5,0.09999999999999964,8.015636290909672,1.5614868365104064,3.6936567163101803
OSM-X-094,CC(NC(=O)c1cncc2nnc(-c3ccc(OC(F)F)cc3)n12)c1ccccc1,1.6,-7.9,-8.2,0.29999999999999893,6.159758465624988,1.3209742695906652,3.291811283769909
OSM-S-182,O=C(c1cncc2nnc(-c3ccc(OC(F)F)cc3)n12)N1CCCC1,10.0,-7.5,-7.3,-0.20000000000000018,7.98677345317292,1.6747756438172832,3.5573890749937074
OSM-S-184,CS(=O)(=O)N1CCN(C(=O)c2cncc3nnc(-c4ccc(OC(F)F)cc4)n23)CC1,10.0,-7.5,-7.6,0.09999999999999964,0.7250445592535857,3.407166409772051,3.2233172510319785
OSM-S-186,CC(NC(=O)c1cncc2nnc(-c3ccc(OC(F)F)cc3)n12)c1ccccc1,1.36,-8.9,-8.9,0.0,0.19050467778525682,5.879384042992228,6.08547853141642
OSM-X-055,O=c1[nH]cc(OCCc2ccc(F)c(F)c2)n2c(-c3ccc(OC(F)F)cc3)nnc12,4.13,-7.4,-8.6,1.1999999999999993,7.465491184443258,1.6012986503937576,2.886943943323929
OSM-X-082,O=C(Nc1ccccn1)c1cncc2nnc(-c3ccc(OC(F)F)cc3)n12,10.0,-7.5,-7.5,0.0,0.06738208090869728,8.402003622540578,8.360944914878324
OSM-X-051,O=C(NCCc1ccccc1)c1cncc2nnc(-c3ccc(OC(F)F)cc3)n12,3.17,-8.2,-8.6,0.40000000000000036,8.560963717607589,1.8679717214516738,4.176990312261496
OSM-X-021,Fc1ccc(CCOc2cncc3nnc(N4Cc5ccccc5C4)n23)cc1F,0.47,-8.6,-8.6,0.0,0.01803349374224872,7.736674946248438,7.719857851072727
OSM-X-062,CCN(CC)c1ncc(OCCc2ccc(F)c(F)c2)n2c(-c3ccc(OC(F)F)cc3)nnc12,6.86,-9.1,-8.8,-0.29999999999999893,0.7526176414924872,2.4043279979931564,3.5683129740031245
OSM-X-092,O=S(=O)(Cc1ccc(C(F)(F)F)cc1)Nc1cncc2nnc(-c3ccc(OC(F)F)cc3)n12,10.0,-9.1,-9.1,0.0,0.09668136177302106,3.671478334537877,3.7018252480973146
OSM-S-183,O=C(c1cncc2nnc(-c3ccc(OC(F)F)cc3)n12)N1CCCC1c1ccccc1,3.56,-8.0,-8.0,0.0,0.18589311445021311,3.0101667718229828,3.1276674988680506
OSM-X-036,CN(Cc1cccc(Cl)c1)C(=O)c1cncc2nnc(-c3ccc(OC(F)F)cc3)n12,1.06,-8.4,-8.6,0.1999999999999993,7.85975374727109,1.487550384494211,3.5660105128581034
OSM-X-011,FC(F)Oc1ccc(-c2nnc3cncc(CCCc4ccccc4)n23)cc1,0.28,-8.4,-8.7,0.29999999999999893,6.269421794939079,2.3192239149461744,6.11946346527079
OSM-X-072,FC(F)Oc1ccc(-c2nnc3cncc(CCN4CCOCC4)n23)cc1,10.0,-8.0,-8.0,0.0,0.5582794998923032,5.8760161048391275,5.894668370279425
OSM-X-065,FC(F)Oc1ccc(-c2nnc3n2C(CCCc2ccccc2)CNC3)cc1,8.76,-8.9,-8.8,-0.09999999999999964,0.5562264826489297,2.2664979087035704,2.8777382127145517
OSM-X-078,Nc1ncc(OCCc2ccc(F)c(F)c2)n2c(-c3ccc(OC(F)F)cc3)nnc12,10.0,-9.3,-9.0,-0.3000000000000007,1.361090405119767,3.826978005823853,4.733769856142077
OSM-X-083,FC(F)Oc1ccc(-c2nnc3cncc(CCN4Cc5ccccc5C4)n23)cc1,10.0,-8.7,-9.1,0.40000000000000036,5.988574465516169,5.833146128314741,2.931770540077292
OSM-X-093,FC(F)Oc1ccc(-c2nnc3cncc(N4CC(c5ccccc5)C4)n23)cc1,10.0,-7.3,-7.3,0.0,0.04833539432783811,7.8917576100374305,7.876708583250639
OSM-X-016,Fc1ccc(COCc2cncc3nnc(-c4ccc(OC(F)F)cc4)n23)cc1F,0.36,-8.9,-9.1,0.1999999999999993,1.3079005568722215,5.1273871355094585,5.222649444064978
OSM-X-063,Cc1ncc(OCCc2ccc(F)c(F)c2)n2c(-c3ccc(OC(F)F)cc3)nnc12,6.92,-9.1,-8.3,-0.7999999999999989,2.078057413283672,3.7993328763801135,3.4088326068780894
OSM-X-012,O=C(NCc1ccc(F)c(F)c1)c1cncc2nnc(-c3ccc(OC(F)F)cc3)n12,0.28,-8.7,-8.9,0.20000000000000107,8.992932931961073,2.081965107118976,5.82548894743483
OSM-X-069,O=C(NCc1cncc2nnc(-c3ccc(OC(F)F)cc3)n12)c1cccc(Cl)c1,10.0,-9.1,-8.9,-0.1999999999999993,5.81056911598278,5.469846345901871,2.992659375834694
OSM-S-516,FC(F)Oc1ccc(-c2nnc3cncc(Oc4ccc(Cl)cc4)n23)cc1,4.075,-8.5,-8.6,0.09999999999999964,0.027980151695244756,5.274904321021642,5.25837575706404
OSM-S-218,COC(COc1cncc2nnc(-c3ccc(C#N)cc3)n12)c1ccc(F)c(F)c1,0.438666667,-7.6,-7.5,-0.09999999999999964,0.4965904415780337,5.927234988213312,5.829282593406159
OSM-X-053,O=C(Nc1ccc(F)cc1)c1cncc2nnc(-c3ccc(OC(F)F)cc3)n12,3.74,-7.8,-7.4,-0.39999999999999947,9.020700976088278,2.204052510531009,8.080132377266287
OSM-X-031,O=C(Nc1ccc(F)c(F)c1)c1cncc2nnc(-c3ccc(OC(F)F)cc3)n12,0.65,-7.6,-8.6,1.0,5.888465564956411,7.828583069705096,5.1221590190484365
OSM-X-014,Fc1ccc(CCCc2cncc3nnc(-c4ccc(OC(F)F)cc4)n23)cc1F,0.32,-9.1,-9.3,0.20000000000000107,0.6385285950266181,5.332043124430248,5.531326978371771
OSM-S-367,O=C(Nc1ccc(Cl)cc1)c1cncc2nnc(-c3ccc(OC(F)F)cc3)n12,7.3955,-7.2,-7.1,-0.10000000000000053,0.03563097903042597,7.977462381310729,7.982073855897424
OSM-X-047,Fc1ccc2c(c1)CCN2c1nnc2cncc(OCCc3ccc(F)c(F)c3)n12,2.05,-8.5,-8.7,0.1999999999999993,7.733263209452183,1.3794290918073764,6.595845387953766
OSM-X-002,CN(C)C(COc1cncc2nnc(-c3ccc(OC(F)F)cc3)n12)c1ccc(F)c(F)c1,0.04408,-9.1,-9.0,-0.09999999999999964,0.2912202522046116,5.461014636312355,5.303586657282572
OSM-X-022,Fc1ccc(C2(COc3cncc4nnc(-c5ccc(OC(F)F)cc5)n34)COC2)cc1F,0.4833,-8.2,-8.2,0.0,0.21905879935706232,3.0025327747828503,3.234842097477931
OSM-S-377,N#Cc1ccc(-c2nnc3cncc(OCC(OC(F)F)c4ccc(F)c(F)c4)n23)cc1,0.01668,-8.0,-8.3,0.3000000000000007,6.642618904186059,5.0769822219484055,3.353443228295081
OSM-X-005,FC(F)Oc1ccc(-c2nnc3cncc(Oc4ccc5ccccc5c4)n23)cc1,0.1147,-8.7,-9.3,0.6000000000000014,0.4414846543199439,5.167864432422878,5.232217078939172
OSM-X-089,FC(F)Oc1ccc(-c2nnc3cncc(OCC(F)(F)F)n23)cc1,10.0,-7.7,-7.6,-0.10000000000000053,0.17523218882385747,5.988493388592564,5.9517252992746315
OSM-X-067,CNC(COc1cncc2nnc(-c3ccc(OC(F)F)cc3)n12)c1ccc(F)c(F)c1,10.0,-8.9,-8.7,-0.20000000000000107,1.8396189423196252,5.405766429265647,4.922671530271965
OSM-X-018,FC(F)Oc1ccc(-c2nnc3cncc(Oc4ccc(C(F)(F)F)cc4)n23)cc1,0.3829,-9.2,-9.4,0.20000000000000107,0.060414953998713584,5.172398174176433,5.158290789496467
OSM-X-020,FC(F)Oc1ccc(-c2nnc3cncc(Oc4ccc(Cl)c(Cl)c4)n23)cc1,0.4551,-8.6,-8.7,0.09999999999999964,0.05762470948175909,5.307616798896105,5.288638583449054
OSM-S-379,O=C(Nc1ccc(F)c(Cl)c1)c1cncc2nnc(-c3ccc(OC(F)F)cc3)n12,0.2945,-8.2,-7.7,-0.4999999999999991,8.757435686686579,2.424418143528838,7.966016817032575
OSM-X-080,O=C(c1cncc2nnc(-c3ccc(OC(F)F)cc3)n12)N1CCc2cc(F)ccc21,10.0,-8.6,-8.0,-0.5999999999999996,6.656244136147651,1.5002694254800821,3.1616045465567275
OSM-X-066,FC(F)Oc1ccc(-c2nnc3cncc(Nc4ccc(Cl)c(Cl)c4)n23)cc1,9.635,-8.6,-8.4,-0.1999999999999993,6.285223294527328,5.22136625005201,2.949266113677137
OSM-X-050,FC(F)Oc1ccc(-c2nnc3cncc(Oc4cccc(Cl)c4)n23)cc1,3.066,-8.3,-8.4,0.09999999999999964,0.05067397608094186,5.444497678826532,5.40698501971184
OSM-S-175,O=C(Nc1ccnc(C(F)(F)F)c1)c1cncc2nnc(-c3ccc(OC(F)F)cc3)n12,0.2957,-8.8,-8.7,-0.10000000000000142,0.37416395693153903,3.8242663645410504,3.9159134512291347
OSM-X-001,Fc1ccc(CCOc2cn3c(-c4ccc(OC(F)F)cc4)nnc3cn2)cc1F,0.03382,-8.9,-9.0,0.09999999999999964,1.260674184712291,1.4663558583897782,2.968296655103796
OSM-X-024,Fc1ccc(COc2cn3c(-c4ccc(OC(F)F)cc4)nnc3cn2)cc1F,0.5207,-9.1,-8.8,-0.29999999999999893,1.0553400988012966,1.938692524537465,2.9961214759708907
OSM-S-381,OCC(COc1cncc2nnc(-c3ccc(OC(F)F)cc3)n12)c1ccc(F)c(F)c1,0.02432,-9.0,-9.1,0.09999999999999964,1.3712083147444236,5.025156678825504,5.732525254975831
OSM-X-075,Fc1ccc(CNc2cn3c(-c4ccc(OC(F)F)cc4)nnc3cn2)cc1F,10.0,-9.3,-9.1,-0.20000000000000107,0.7575478202727535,1.9005022248034142,2.915561769553841
OSM-X-030,Fc1ccc(C(COc2cncc3nnc(-c4ccc(OC(F)F)cc4)n23)N2CCOCC2)cc1F,0.6133,-8.5,-9.0,0.5,1.2593572577718772,3.967777312650112,4.145319246059277
OSM-X-033,CC(C)(C)c1ccc(Oc2cncc3nnc(-c4ccc(OC(F)F)cc4)n23)cc1,0.738,-8.0,-7.7,-0.2999999999999998,6.9299494346399575,1.3357699611288398,3.5743528903855464
OSM-X-048,FC(F)Oc1ccc(-c2nnc3cncc(Oc4ccc5c(c4)CCCC5)n23)cc1,2.581,-8.5,-8.7,0.1999999999999993,8.131219281264034,1.2996152226445752,4.583171546763636
OSM-X-028,FC(F)Oc1ccc(-c2nnc3cncc(Oc4ccc(Cl)c(C(F)(F)F)c4)n23)cc1,0.5973,-8.0,-8.6,0.5999999999999996,6.997661800731682,1.9361829186008739,3.039834724877708
OSM-X-010,NC(COc1cncc2nnc(-c3ccc(OC(F)F)cc3)n12)c1ccc(F)c(F)c1,0.2785,-8.5,-8.8,0.3000000000000007,0.24922172976736073,3.5120964242585906,3.1322516237180307
OSM-X-026,OCC(Nc1cncc2nnc(-c3ccc(OC(F)F)cc3)n12)c1ccc(F)c(F)c1,0.5697,-8.8,-8.6,-0.20000000000000107,0.732845492004635,5.34037779619467,5.235999130683243
OSM-X-060,Fc1ccc(-c2cnn(-c3cncc4nnc(-c5ccc(OC(F)F)cc5)n34)c2)cc1F,6.721,-9.0,-8.5,-0.5,8.568632187373899,2.229093179630159,5.701087903271054
OSM-X-057,O=C(Nc1ccc(F)cc1Cl)c1cncc2nnc(-c3ccc(OC(F)F)cc3)n12,5.576,-7.8,-7.5,-0.2999999999999998,5.673709024683429,2.6221435909978497,5.8537287654931305
OSM-X-074,Fc1ccc(Nc2cn3c(-c4ccc(OC(F)F)cc4)nnc3cn2)cc1F,10.0,-9.0,-8.6,-0.40000000000000036,3.8524960739759355,1.6001953292494926,2.7077671605200853
OSM-X-015,O=C(NCc1cc(Cl)ccc1Cl)c1cncc2nnc(-c3ccc(OC(F)F)cc3)n12,0.3321,-8.6,-8.2,-0.40000000000000036,9.247128745251144,4.120988703698681,4.141483247057452
OSM-X-013,O=C(NCc1cccc(C(F)(F)F)c1Cl)c1cncc2nnc(-c3ccc(OC(F)F)cc3)n12,0.309,-9.0,-9.1,0.09999999999999964,7.7995134665109545,2.114798486392276,4.091223286624534
OSM-X-085,Fc1ccc(Cc2nccn2-c2cncc3nnc(-c4ccc(OC(F)F)cc4)n23)cc1F,10.0,-9.0,-8.8,-0.1999999999999993,8.094323639552485,1.4956554589162818,4.035417025903651
OSM-X-088,Cc1nn(-c2ccc(F)cc2)c(C)c1-c1nnc2cncc(OCC(F)(F)F)n12,10.0,-8.0,-7.2,-0.7999999999999998,7.516056355425432,1.9070301179995082,5.062189305033778
OSM-X-009,FC(F)Oc1ccc(-c2nnc3cncc(Oc4ccc(S(F)(F)(F)(F)F)cc4)n23)cc1,0.2627,-8.6,-8.0,-0.5999999999999996,6.813833841898406,1.8844556062997189,3.076849208331888
OSM-X-052,Fc1ccc(Oc2cn3c(-c4ccc(OC(F)F)cc4)nnc3cn2)cc1F,3.446,-9.0,-8.8,-0.1999999999999993,11.074198526304285,1.6181733841107677,3.7900429297822553
OSM-X-076,Fc1ccc(CCNc2cn3c(-c4ccc(OC(F)F)cc4)nnc3cn2)cc1,10.0,-9.0,-8.9,-0.09999999999999964,0.8024627717221529,2.186855303229867,2.9952241860321336
OSM-X-086,Cc1nn(-c2ccc(F)cc2)c(C)c1-c1nnc2cncc(Oc3ccc(Cl)c(Cl)c3)n12,10.0,-8.9,-7.9,-1.0,1.7499572673354054,1.9648531158179965,2.8906428131921893
OSM-X-029,Fc1ccc(C2C(Oc3cncc4nnc(-c5ccc(OC(F)F)cc5)n34)CN2C2CC2)cc1F,0.6095,-8.4,-8.4,0.0,0.18337431360168432,5.796275547635903,5.991048332247414
OSM-X-037,O=C1C(Oc2cncc3nnc(-c4ccc(OC(F)F)cc4)n23)C(c2ccc(F)c(F)c2)N1C1CC1,1.121,-8.9,-9.0,0.09999999999999964,0.14238933324593597,3.8649807864227075,3.769257024311372
OSM-X-044,Cn1ccc2cc(Oc3cncc4nnc(-c5ccc(OC(F)F)cc5)n34)ccc21,1.983,-9.0,-8.5,-0.5,2.9865695705943303,5.396485092624664,3.5574291353783436
OSM-X-068,O=C1C(Oc2cn3c(-c4ccc(OC(F)F)cc4)nnc3cn2)C(c2ccc(F)c(F)c2)N1C1CC1,10.0,-9.5,-9.8,0.3000000000000007,0.2893952506713112,3.694592937422489,3.1839761216884535
OSM-X-039,FC(F)Oc1ccc(-c2nnc3cncc(Oc4ccc5ccc(C(F)(F)F)nc5c4)n23)cc1,1.629,-9.3,-9.0,-0.3000000000000007,6.950884129121316,1.9131966662181161,3.309614911770376
OSM-X-043,Cc1noc2cc(Oc3cncc4nnc(-c5ccc(OC(F)F)cc5)n34)ccc12,1.928,-8.7,-8.7,0.0,0.10731247209279408,3.733955843606776,3.6832103048496365
OSM-X-042,CC1=CC(C)(C)Oc2cc(Oc3cncc4nnc(-c5ccc(OC(F)F)cc5)n34)ccc21,1.822,-8.9,-8.9,0.0,7.5854481759684464,1.8899506218774478,3.9449883210681156
OSM-X-087,Cn1ncc2ccc(Oc3cncc4nnc(-c5ccc(OC(F)F)cc5)n34)cc21,10.0,-8.8,-8.4,-0.40000000000000036,2.680196945499839,5.193118544240963,3.8658164685610994
OSM-X-025,O=C(NC1CCc2cc(Cl)ccc21)c1cncc2nnc(-c3ccc(OC(F)F)cc3)n12,0.5468,-9.4,-9.4,0.0,0.12519330507804188,4.4659778989270675,4.590408334647724
OSM-X-081,Cc1nn(-c2ccc(F)cc2)c(C)c1-c1nnc2cncc(C(=O)Nc3ccnc(C(F)(F)F)c3)n12,10.0,-10.0,-9.0,-1.0,9.116730059235765,1.5859377296607946,6.665960687910035
OSM-X-070,Fc1ccc(C2(C(Oc3cncc4nnc(-c5ccc(OC(F)F)cc5)n34)C(F)(F)F)CC2)cc1F,10.0,-8.5,-9.0,0.5,6.362404672937915,1.5217311176843928,4.552858163914694
OSM-X-059,Cn1cc2ccc(Oc3cncc4nnc(-c5ccc(OC(F)F)cc5)n34)cc2n1,6.203,-8.9,-9.0,0.09999999999999964,0.34596049870854695,4.743841400658825,5.169910321239705
OSM-S-390,OC(COc1cncc2nnc(-c3ccc(OC(F)F)cc3)n12)c1ccc(F)c(F)c1,0.099,-9.2,-9.3,0.10000000000000142,1.1486811867311137,5.050661083707518,4.996645910069798
OSM-X-040,FC(F)Oc1ccc(-c2nnc3cncc(OCc4cccc5ccccc45)n23)cc1,1.668,-8.9,-9.0,0.09999999999999964,0.18002965705503873,4.406216365499142,4.564276158810139
OSM-X-032,Fc1ccc(C2C(Oc3cncc4nnc(-c5ccc(OC(F)F)cc5)n34)CN2C2CC2)cc1F,0.7308,-8.2,-8.8,0.6000000000000014,6.376843951186024,1.300897553230476,3.7629024918955825
OSM-X-004,CC(O)(COc1cncc2nnc(-c3ccc(OC(F)F)cc3)n12)c1ccc(F)c(F)c1,0.1012,-8.9,-9.4,0.5,1.4831024914010495,5.228087719316452,5.488010773904046
OSM-X-058,FC(F)Oc1ccc(-c2nnc3cncc(Oc4cccc(Oc5ccccn5)c4)n23)cc1,6.038,-8.7,-8.8,0.10000000000000142,0.05277797979759312,3.7725092003692864,3.7796313038625065
OSM-X-038,FC(F)Oc1ccc(-c2nnc3cncc(OCC4CCc5cc(Cl)ccc54)n23)cc1,1.459,-8.4,-8.7,0.29999999999999893,7.470663167436364,2.233229826235515,3.749357579779256
OSM-X-006,CC(F)(COc1cncc2nnc(-c3ccc(OC(F)F)cc3)n12)c1ccc(F)c(F)c1,0.1228,-8.5,-8.4,-0.09999999999999964,7.647260818832453,1.977050380337126,3.5303687417094483
OSM-X-046,FC(F)Oc1ccc(-c2nnc3cncc(Oc4ccc5nc(C(F)(F)F)ncc5c4)n23)cc1,2.025,-9.0,-9.6,0.5999999999999996,7.513730024585189,1.2873545271977234,4.489830173889931
OSM-X-003,Fc1ccc(C(F)COc2cncc3nnc(-c4ccc(OC(F)F)cc4)n23)cc1F,0.06536,-8.8,-9.2,0.3999999999999986,0.35875613965747744,5.422502382699209,5.125119199909304
OSM-X-027,FC(F)Oc1ccc(-c2nnc3cncc(Oc4ccc5ccsc5c4)n23)cc1,0.5764,-8.1,-9.1,1.0,8.700282361648602,2.0294723817574427,5.162718900444621
OSM-X-034,Fc1cc2ccc(Oc3cncc4nnc(-c5ccc(OC(F)F)cc5)n34)cc2cc1F,0.8392,-9.9,-9.6,-0.3000000000000007,0.5426841277391481,5.3857260874519275,5.03709747889319
OSM-X-008,Fc1cc(F)c2ccc(Oc3cncc4nnc(-c5ccc(OC(F)F)cc5)n34)cc2c1,0.1734,-9.2,-9.6,0.40000000000000036,9.035515295557303,2.1092024858493446,5.4339161915626235
OSM-X-041,COc1ccc2ccc(Oc3cncc4nnc(-c5ccc(OC(F)F)cc5)n34)cc2n1,1.67,-8.6,-8.9,0.3000000000000007,8.768461060813351,1.9736918428326267,4.835633035252399
OSM-X-073,O=C(Cc1cccc(Cl)c1)Nc1cn2c(-c3ccc(OC(F)F)cc3)nnc2cn1,10.0,-9.1,-9.0,-0.09999999999999964,1.925395501892969,1.832925935621631,3.3452095231175125
OSM-S-204,O=C(Nc1cccc(Cl)c1F)c1cncc2nnc(-c3ccc(OC(F)F)cc3)n12,0.852,-7.7,-7.6,-0.10000000000000053,0.15138276630939165,8.09395299979487,8.167916090707124
OSM-S-254,Cc1ccc(Cl)cc1NC(=O)c1cncc2nnc(-c3ccc(OC(F)F)cc3)n12,0.6785,-7.9,-8.0,0.09999999999999964,0.027357843718086035,6.810252326742896,6.786005290257941
OSM-S-265,COC(COc1cncc2nnc(-c3ccc(C#N)cc3)n12)c1ccccc1,0.285,-7.9,-8.0,0.09999999999999964,0.20478970049436415,2.809060145015806,3.358347949069941
OSM-S-258,Clc1ccccc1CCOc1cncc2nnc(-c3ccncc3)n12,10.0,-7.9,-7.9,0.0,0.7221179682018718,5.575885269604793,5.9665404846358125
OSM-S-255,COc1ccc(-c2nnc3cncc(C(=O)Nc4cccc(Cl)c4C)n23)cc1,10.0,-7.7,-7.3,-0.40000000000000036,7.851762571726084,2.3626347954556106,6.206309740666548
OSM-S-256,COc1ccc(-c2nnc3cncc(C(=O)Nc4cccc(Cl)c4F)n23)cc1,5.66,-7.8,-7.8,0.0,0.02137594523015887,8.158134665754153,8.128923802352256
OSM-S-257,COc1ccc(-c2nnc3cncc(C(=O)Nc4cc(Cl)ccc4C)n23)cc1,1.06,-7.2,-8.0,0.7999999999999998,5.692503673162233,8.084656763047436,6.645130147946844
OSM-S-259,Fc1ccc(COc2cncc3nnc(-c4ccc(Cl)cc4)n23)cc1F,0.452,-8.0,-8.1,0.09999999999999964,0.05225676253624252,4.391803996679058,4.352393165019645
OSM-S-260,Fc1ccc(CCOc2cncc3nnc(-c4ccc(OC(F)F)cc4)n23)cc1F,0.281,-9.2,-9.0,-0.1999999999999993,1.3008656604994484,5.315549370968597,5.688199264551659
OSM-S-262,O=C(Nc1cccc(Cl)c1)c1cncc2nnc(-c3ccccn3)n12,10.0,-8.0,-8.0,0.0,0.9228615405774169,8.372590211299297,8.264745079302894
OSM-S-263,O=C(Nc1cccc(Cl)c1)c1cncc2nnc(-c3cccnc3)n12,10.0,-7.9,-8.0,0.09999999999999964,0.01630714803155597,5.461766097681021,5.4631251013654945
OSM-S-271,O=C(Nc1cccc(Cl)c1)c1cncc2nnc(-c3ccc(OC(F)(F)F)cc3)n12,0.234,-7.8,-7.7,-0.09999999999999964,1.2986863213610602,8.018953713917757,8.243110959716939
OSM-S-275,OC(COc1cncc2nnc(C3CCCCC3)n12)c1ccccc1,5.0,-7.9,-7.8,-0.10000000000000053,0.24073365428974028,7.5713302631549935,6.767374294802087
OSM-S-276,CCc1nnc2cncc(OCC(O)c3ccccc3)n12,10.0,-7.3,-7.3,0.0,2.691271125830185,6.830295326465423,6.587911993594731
OSM-S-277,OC(COc1cncc2nnc(-c3ccccc3)n12)c1ccccc1,5.0,-8.4,-8.4,0.0,0.30676162130829226,5.494834408570753,5.49480610874069
OSM-S-278,OC(COc1cncc2nnc(-c3ccc(C(F)(F)F)nc3)n12)c1ccccc1,3.998,-8.5,-8.6,0.09999999999999964,0.3563246179164909,5.606297711419613,5.674622635161211
OSM-S-279,OC(COc1cncc2nnc(-c3ccc(OC(F)F)cc3)n12)c1ccccc1,0.297666667,-8.7,-8.7,0.0,1.7986255122546586,5.33871423005758,5.72175684163244
OSM-S-280,COc1cncc2nnc(-c3ccc(OC(F)F)cc3)n12,10.0,-6.9,-6.9,0.0,3.090812445204104,5.4280363973481665,3.6949639303675355
OSM-S-281,CNC(COc1cncc2nnc(-c3ccc(OC(F)F)cc3)n12)c1ccccc1,10.0,-7.9,-8.3,0.40000000000000036,1.9320023858033926,5.658367634730461,5.559514421056186
OSM-S-283,NC(COc1cncc2nnc(-c3ccc(OC(F)F)cc3)n12)c1ccccc1,2.0,-8.7,-8.7,0.0,1.6028001668954244,5.461967398548716,5.455709197988185
OSM-S-291,Clc1ccccc1-c1nnc2cncc(OCCc3ccccc3)n12,5.0,-7.4,-7.5,0.09999999999999964,9.351620246780767,1.4749812565640112,6.248971700290852
OSM-S-292,Clc1cccc(-c2nnc3cncc(OCCc4ccccc4)n23)c1,2.5,-8.4,-8.5,0.09999999999999964,0.2915373046455632,5.465351729389495,5.565219198440018
OSM-S-294,c1ccc(CCOc2cncc3nnc(-c4ccccc4)n23)cc1,1.5095,-8.2,-8.2,0.0,0.21164031988257834,5.492849305330923,5.561519352006912
OSM-S-295,Fc1cc(F)cc(-c2nnc3cncc(OCCc4ccccc4)n23)c1,5.0,-8.3,-8.3,0.0,0.23402991261802453,5.499739061098639,5.6632830728778245
OSM-S-296,c1ccc(CCOc2cncc3nnc(-c4ccc5c(c4)OCO5)n23)cc1,1.014,-8.0,-8.0,0.0,0.4133326164868335,6.108087091855573,6.205832730201881
OSM-S-297,c1ccc(CCOc2cncc3nnc(-c4ccc5ccccc5c4)n23)cc1,0.415,-8.2,-7.2,-0.9999999999999991,16.292427142036615,18.36301847300345,8.040064274156212
OSM-S-298,Fc1cc(F)cc(-c2nnc3cncc(OCc4ccccn4)n23)c1,10.0,-6.7,-6.9,0.20000000000000018,4.124909245062247,1.5294522502290735,3.6688159899645814
OSM-S-299,c1ccc(COc2cncc3nnc(-c4ccc5c(c4)OCO5)n23)nc1,10.0,-7.9,-8.2,0.29999999999999893,0.3528288972990035,7.034427536567046,6.556631673112853
OSM-S-300,c1ccc(COc2cncc3nnc(-c4ccc5ccccc5c4)n23)nc1,10.0,-7.1,-7.4,0.3000000000000007,4.816551874833589,1.529615964506009,5.429014403417796
OSM-S-301,FC(F)Oc1ccc(-c2nnc3cncc(OCc4ccccn4)n23)cc1,5.0,-8.2,-7.9,-0.29999999999999893,1.4518283492050827,5.971054680878871,6.414412140995348
OSM-S-346,CC(Oc1cncc2nnc(-c3ccc(OC(F)F)cc3)n12)c1ccc(Cl)c(Cl)c1,0.702,-7.0,-8.1,1.0999999999999996,6.684156955069203,1.5741977134869831,3.852866782587643
OSM-S-347,FC(F)Oc1ccc(-c2nnc3cncc(OCc4ccc(Cl)c(Cl)c4)n23)cc1,0.529,-8.4,-8.4,0.0,1.2558496780240476,5.128658898142027,5.654408965188693
OSM-S-348,FC(F)Oc1ccc(-c2nnc3cncc(OCc4ccc(Cl)cc4)n23)cc1,1.636,-8.5,-8.6,0.09999999999999964,0.2366505863081684,5.148499108323312,5.01763994588511
OSM-S-349,Fc1ccc(-c2nnc3cncc(OCCc4ccccc4)n23)cc1F,0.582,-8.5,-8.5,0.0,0.061575157328260494,5.3840391839998505,5.419311953035396
OSM-S-350,Clc1ccc(-c2nnc3cncc(OCCc4ccccc4)n23)cc1Cl,0.709,-7.9,-7.4,-0.5,10.092677619861913,2.024770161287505,9.043939655048687
OSM-S-351,Clc1ccc(-c2nnc3cncc(OCCc4ccccc4)n23)c(Cl)c1,0.259,-7.4,-6.9,-0.5,8.56317332445253,1.3807542624810396,5.567160750624034
OSM-S-352,Fc1ccc(-c2nnc3cncc(OCCc4ccccc4)n23)cc1,0.366,-8.3,-8.3,0.0,0.27478835492065523,5.429267619388029,5.424361818016223
OSM-LO-13,OCC(COc1cncc2nnc(-c3ccc(OC(F)F)cc3)n12)c1ccccc1,0.279,-8.7,-8.7,0.0,0.13199120205284443,5.624642228091628,5.622433149980689
OSM-S-353,OCC(COc1cncc2nnc(-c3ccc(OC(F)F)cc3)n12)c1ccccc1,0.1035,-8.6,-8.7,0.09999999999999964,0.39751275086061627,5.007711777196252,5.254547329139907
OSM-S-359,FC(F)Oc1ccc(-c2nnc3cncc(SCc4ccccc4)n23)cc1,10.0,-8.2,-8.1,-0.09999999999999964,0.16408951938003358,6.542955423582572,6.724873671435013
OSM-S-360,O=S(Cc1ccccc1)c1cncc2nnc(-c3ccc(OC(F)F)cc3)n12,2.5,-8.5,-8.0,-0.5,2.249116509082749,5.936118008648797,3.9571175677727797
OSM-S-361,O=S(=O)(Cc1ccccc1)c1cncc2nnc(-c3ccc(OC(F)F)cc3)n12,10.0,-7.9,-8.0,0.09999999999999964,0.49151440853051664,4.289695038700971,4.482541303801226
OSM-S-363,FC(F)Oc1ccc(-c2nnc3c(SCCc4ccccc4)nccn23)cc1,10.0,-8.5,-8.6,0.09999999999999964,0.814036393535326,2.380412514582093,2.7960063657648653
OSM-S-362,FC(F)Oc1ccc(-c2nnc3cncc(-n4cc(-c5ccccc5)nn4)n23)cc1,10.0,-8.5,-8.0,-0.5,8.77276366564912,2.040635877064161,5.273069977718363
OSM-S-365,O=S(=O)(CCc1ccccc1)c1cncc2nnc(-c3ccc(OC(F)F)cc3)n12,10.0,-7.7,-7.9,0.20000000000000018,1.0115235208997038,4.349015027886729,5.212592788669657
OSM-S-364,O=S(CCc1ccccc1)c1cncc2nnc(-c3ccc(OC(F)F)cc3)n12,10.0,-8.5,-9.0,0.5,0.6368068781035582,5.702259975614851,5.4694471020044
OSM-S-368,FC(F)Oc1ccc(-c2nnc3cncc(OCc4ccccc4)n23)cc1,2.239,-7.0,-8.2,1.1999999999999993,4.5351961777160605,2.202835530317119,6.15846498895282
OSM-S-369,FC(F)Oc1ccc(-c2nnc3cncc(OCCc4ccccc4)n23)cc1,0.3578,-8.5,-8.7,0.1999999999999993,0.2952250957199561,5.650278405534025,5.924773064682036
OSM-S-370,FC(F)Oc1ccc(-c2nnc3cncc(OCCCC45C6C7C8C6C4C8C75)n23)cc1,1.995,-7.5,-7.5,0.0,0.25322296690415314,8.518381315822026,8.043969837039269
OSM-S-371,FC(F)Oc1ccc(-c2nnc3cncc(OCCC45C6C7C8C6C4C8C75)n23)cc1,0.372,-7.5,-8.0,0.5,8.88018597965906,1.2441646675895885,9.041734174881608
OSM-S-372,FC(F)Oc1ccc(-c2nnc3cncc(OCc4cn(Cc5ccccc5)nn4)n23)cc1,10.0,-8.5,-8.6,0.09999999999999964,0.10997479049970746,3.7238240855018887,3.6693269404765165
OSM-S-373,FC(F)Oc1ccc(-c2nnc3cncc(OCc4cn(-c5ccccc5)nn4)n23)cc1,10.0,-9.4,-8.6,-0.8000000000000007,1.248594509838963,4.232783223209381,4.353999938353392
OSM-S-374,FC(F)Oc1ccc(-c2nnc3cncc(OCc4cn(-c5cncc(Cl)n5)nn4)n23)cc1,10.0,-8.7,-8.7,0.0,1.0737198579393663,3.8388495302992633,3.6758658366372803
OSM-S-375,IC12C(C3C1C4C52)C5C34C6=NN=C7C=NC=C(OCCC8=CC(F)=C(F)C=C8)N76,10.0,-8.3,-8.4,0.09999999999999964,0.08666960649302159,5.946583438333843,5.9609071256816595
OSM-S-388,Oc1nnc2c(N3CCCCC3)nccn12,10.0,-5.8,-5.9,0.10000000000000053,0.27846300842090904,3.4321042925588383,4.257741625890294
OSM-S-387,Fc1ccc(CCOc2cncc3nncn23)cc1F,10.0,-7.4,-7.5,0.09999999999999964,0.07028513356322225,7.292169949359643,7.3042542759682645
OSM-S-378,CN(C)C(COc1cncc2nnc(-c3ccc(C#N)cc3)n12)c1ccc(F)c(F)c1,10.0,-7.8,-7.8,0.0,0.07424494932316943,5.24656448050818,5.193857028383085
OSM-S-376,N#Cc1ccc(-c2nnc3cncc(OCC(O)c4ccc(F)c(F)c4)n23)cc1,0.803,-8.4,-8.4,0.0,0.42741061443690564,5.15700141360523,5.435157189483436
OSM-S-382,IC12C3C4C5(C3C1C5C24)C6=NN=C7C=NC=C(C(NC8=CC(C(F)(F)F)=NC=C8)=O)N76,10.0,-8.4,-8.4,0.0,0.0038649062084353566,8.239857019022843,8.242272059309697
OSM-S-383,COc1cccc(CCOc2cncc3nnc(-c4ccc(OC(F)F)cc4)n23)c1,0.135,-7.5,-8.7,1.1999999999999993,7.566993729348532,7.534080053675352,5.608781021156913
OSM-S-384,COc1ccc(CCOc2cncc3nnc(-c4ccc(OC(F)F)cc4)n23)cc1,0.928,-7.6,-8.1,0.5,7.581522890114712,1.2465092613286386,3.9443749564602064
OSM-S-385,CC(Oc1cncc2nnc(-c3ccc(OC(F)F)cc3)n12)c1ccc(F)c(F)c1,8.586,-8.7,-8.7,0.0,0.1422677054007688,6.781185433424812,6.6757923621532145
OSM-S-386,CC(Oc1cncc2nnc(-c3ccc(OC(F)F)cc3)n12)c1ccc(C#N)cc1,4.801,-8.9,-8.9,0.0,0.015558491786374085,5.064857531144565,5.051886262676615
OSM-S-389,CN(C)C(COc1cncc2nnc(-c3ccc(OC(F)F)cc3)n12)c1ccc(F)c(F)c1,0.189,-7.4,-8.6,1.1999999999999993,7.681133232492074,1.4691424425115274,5.384314310093261
OSM-E-21,N#Cc1ccc(C=NNc2cccc(C(=O)Nc3ccnc(C(F)(F)F)c3)n2)cc1,50.0,-9.0,-9.0,0.0,6.74364631523629,1.7518882725770715,5.57322960049291
OSM-E-22,N#Cc1ccc(-c2nnc3cccc(C(=O)Nc4ccnc(C(F)(F)F)c4)n23)cc1,50.0,-8.3,-8.5,0.1999999999999993,0.060912946873174584,3.6018498915659265,3.586070491717154
OSM-S-187,N#Cc1ccc(-c2nnc3cncc(OCCc4ccccc4)n23)cc1,0.534,-7.0,-7.8,0.7999999999999998,7.868108796811439,1.2608112177198023,5.055007300320194
OSM-S-208,COC(COc1cncc2nnc(-c3ccc(C#N)cc3)n12)c1ccc(F)c(F)c1,0.207,-7.7,-7.7,0.0,0.12986236303615203,6.043268803925808,6.011421368355467
OSM-W-10,Fc1ccc(CCOc2cncc3nnc(-c4ccc(Cl)cc4)n23)cc1,0.159,-8.3,-8.3,0.0,7.067211668630759,8.734089094419101,5.1168911592465145
OSM-W-3,CS(=O)(=O)c1ccc(-c2nnc3cncc(OCCc4ccc(F)cc4)n23)cc1,2.85,-7.8,-8.3,0.5000000000000009,5.882792021269938,7.5606487519746794,3.719227802396891
OSM-W-4,Fc1ccc(CCOc2cncc(Nc3nnc(-c4ccccc4)s3)n2)cc1,100.0,-8.7,-8.2,-0.5,6.5832894460926195,2.2217430552880977,3.0376082676410374
OSM-W-5,CS(=O)(=O)c1ccc(-c2nnc3cncc(OCCc4ccc(F)c(F)c4)n23)cc1,0.698,-7.5,-8.8,1.3000000000000007,5.223364780803015,1.1796622055251547,3.231952039858629
OSM-W-6,N#Cc1ccc(-c2nnc3cncc(NC(=O)Cc4ccc(F)c(F)c4)n23)cc1,2.931,-8.6,-8.1,-0.5,6.737941352272715,6.427907338336866,8.08152920256011
OSM-W-7,N#Cc1ccc(-c2nnc3cncc(NC(=O)CCc4ccc(F)c(F)c4)n23)cc1,10.0,-8.3,-8.3,0.0,0.08005421550021487,5.935716176607221,5.974599117122573
OSM-W-8,N#Cc1ccc(-c2nnc3cncc(OCCc4ccc(F)cc4)n23)cc1,0.934,-7.6,-8.4,0.8000000000000007,7.368037690417131,1.3302725390223489,3.3037428471223813
OSM-W-9,N#Cc1ccc(-c2nnc3cncc(OCCc4ccc(F)c(F)c4)n23)cc1,0.294,-7.7,-8.2,0.4999999999999991,8.018129292867686,1.4679461852198807,5.015254779029847
